{
    "name": "trying to fund one block too late",
    "steps": [
        {
            "step": "externalSteps",
            "path": "crowdfunding-fund.scen.json"
        },
        {
            "step": "setState",
            "currentBlockInfo": {
                "blockTimestamp": "123,001"
            }
        },
        {
            "step": "scCall",
            "id": "fund-too-late",
            "tx": {
                "from": "address:donor1",
                "to": "sc:crowdfunding",
                "dcdtValue": [
                    {
                        "tokenIdentifier": "str:CROWD-123456",
                        "value": "10,000,000,000"
                    }
                ],
                "function": "fund",
                "arguments": [],
                "gasLimit": "100,000,000",
                "gasPrice": "0"
            },
            "expect": {
                "out": [],
                "status": "4",
                "message": "str:cannot fund after deadline",
                "gas": "*",
                "refund": "*"
            }
        },
        {
            "step": "checkState",
            "accounts": {
                "address:my_address": {
                    "nonce": "1",
                    "balance": "1,000,000",
                    "storage": {}
                },
                "address:donor1": {
                    "nonce": "*",
                    "balance": "0",
                    "dcdt": {
                        "str:CROWD-123456": "150,000,000,000"
                    },
                    "storage": {}
                },
                "sc:crowdfunding": {
                    "nonce": "0",
                    "balance": "0",
                    "dcdt": {
                        "str:CROWD-123456": "250,000,000,000"
                    },
                    "storage": {
                        "str:target": "500,000,000,000",
                        "str:deadline": "123,000",
                        "str:tokenIdentifier": "str:CROWD-123456",
                        "str:deposit|address:donor1": "250,000,000,000"
                    },
                    "code": "file:../output/crowdfunding-dcdt.wasm"
                }
            }
        },
        {
            "step": "scCall",
            "id": "check-status",
            "tx": {
                "from": "address:donor1",
                "to": "sc:crowdfunding",
                "function": "status",
                "arguments": [],
                "gasLimit": "100,000,000",
                "gasPrice": "0"
            },
            "expect": {
                "out": [
                    "2"
                ],
                "status": "0",
                "gas": "*",
                "refund": "*"
            }
        }
    ]
}
