{
    "name": "deploy kitty ownership",
    "gasSchedule": "dummy",
    "steps": [
        {
            "step": "setState",
            "accounts": {
                "address:my_address": {
                    "nonce": "0",
                    "balance": "1,000,000"
                }
            },
            "newAddresses": [
                {
                    "creatorAddress": "address:my_address",
                    "creatorNonce": "0",
                    "newAddress": "sc:kitty_genetic_alg"
                },
                {
                    "creatorAddress": "address:my_address",
                    "creatorNonce": "1",
                    "newAddress": "sc:kitty_ownership_contract"
                }
            ],
            "currentBlockInfo": {
                "blockTimestamp": "0"
            }
        },
        {
            "step": "scDeploy",
            "id": "deploy - kitty genetic alg contract",
            "tx": {
                "from": "address:my_address",
                "contractCode": "file:../../kitty-genetic-alg/output/kitty-genetic-alg.wasm",
                "arguments": [],
                "gasLimit": "1,000,000",
                "gasPrice": "0"
            },
            "expect": {
                "out": [],
                "status": "0",
                "message": "",
                "gas": "*",
                "refund": "*"
            }
        },
        {
            "step": "scDeploy",
            "id": "deploy - kitty ownership contract",
            "tx": {
                "from": "address:my_address",
                "contractCode": "file:../output/kitty-ownership.wasm",
                "arguments": [
                    "10",
                    "sc:kitty_genetic_alg",
                    "sc:kitty_auction_contract"
                ],
                "gasLimit": "1,000,000",
                "gasPrice": "0"
            },
            "expect": {
                "out": [],
                "status": "0",
                "message": "",
                "gas": "*",
                "refund": "*"
            }
        },
        {
            "step": "checkState",
            "accounts": {
                "address:my_address": {
                    "nonce": "2",
                    "balance": "1,000,000",
                    "storage": {}
                },
                "sc:kitty_ownership_contract": {
                    "nonce": "0",
                    "balance": "0",
                    "storage": {
                        "str:geneScienceContractAddress": "sc:kitty_genetic_alg",
                        "str:kittyAuctionContractAddress": "sc:kitty_auction_contract",
                        "str:birthFee": "10",
                        "str:totalKitties": "1",
                        "str:kitty|u32:0": "u8:0|u8:0|u8:0|u8:0|u8:0|u8:0|u8:0|u64:0|u64:0|u32:0|u32:0|u32:0|u16:0|u16:0"
                    },
                    "code": "file:../output/kitty-ownership.wasm"
                },
                "+": ""
            }
        }
    ]
}
