{
    "name": "buy nft",
    "steps": [
        {
            "step": "externalSteps",
            "path": "create_nft.scen.json"
        },
        {
            "step": "scCall",
            "id": "buy-nft-wrong-amount",
            "tx": {
                "from": "address:buyer",
                "to": "sc:nft-minter",
                "rewaValue": "400",
                "function": "buyNft",
                "arguments": [
                    "1"
                ],
                "gasLimit": "20,000,000",
                "gasPrice": "0"
            },
            "expect": {
                "out": [],
                "status": "4",
                "message": "str:Invalid amount as payment",
                "gas": "*",
                "refund": "*"
            }
        },
        {
            "step": "scCall",
            "id": "buy-nft-wrong-requested-nonce",
            "tx": {
                "from": "address:buyer",
                "to": "sc:nft-minter",
                "rewaValue": "500",
                "function": "buyNft",
                "arguments": [
                    "3"
                ],
                "gasLimit": "20,000,000",
                "gasPrice": "0"
            },
            "expect": {
                "out": [],
                "status": "4",
                "message": "str:Invalid nonce or NFT was already sold",
                "gas": "*",
                "refund": "*"
            }
        },
        {
            "step": "scCall",
            "id": "buy-nft-1",
            "tx": {
                "from": "address:buyer",
                "to": "sc:nft-minter",
                "rewaValue": "500",
                "function": "buyNft",
                "arguments": [
                    "1"
                ],
                "gasLimit": "20,000,000",
                "gasPrice": "0"
            },
            "expect": {
                "out": [],
                "status": "0",
                "message": "",
                "gas": "*",
                "refund": "*"
            }
        },
        {
            "step": "checkState",
            "accounts": {
                "address:owner": {
                    "nonce": "*",
                    "balance": "500",
                    "storage": {}
                },
                "address:buyer": {
                    "nonce": "*",
                    "balance": "500",
                    "dcdt": {
                        "str:FUNG-123456": "1000",
                        "str:SEMIFUNG-123456": {
                            "instances": [
                                {
                                    "nonce": "1",
                                    "balance": "1000"
                                },
                                {
                                    "nonce": "2",
                                    "balance": "1000"
                                }
                            ]
                        },
                        "str:NFT-123456": {
                            "instances": [
                                {
                                    "nonce": "1",
                                    "balance": "1",
                                    "creator": "sc:nft-minter",
                                    "royalties": "5000",
                                    "uri": [
                                        "str:www.mycoolnft.com/nft1.jpg"
                                    ],
                                    "attributes": "u64:100,000"
                                }
                            ]
                        }
                    },
                    "storage": {}
                },
                "sc:nft-minter": {
                    "nonce": "0",
                    "balance": "0",
                    "dcdt": {
                        "str:NFT-123456": {
                            "instances": [
                                {
                                    "nonce": "2",
                                    "balance": "1",
                                    "creator": "sc:nft-minter",
                                    "royalties": "5000",
                                    "uri": [
                                        "str:www.mycoolnft.com/nft2.jpg"
                                    ],
                                    "attributes": "u64:200,000"
                                }
                            ],
                            "lastNonce": "2",
                            "roles": [
                                "DCDTRoleNFTCreate"
                            ]
                        }
                    },
                    "storage": {
                        "str:nftTokenId": "str:NFT-123456",
                        "str:priceTag|u64:1": "",
                        "str:priceTag|u64:2": {
                            "1-token": "nested:str:SEMIFUNG-123456",
                            "2-nonce": "u64:2",
                            "3-amount": "biguint:500"
                        }
                    },
                    "code": "*"
                }
            }
        },
        {
            "step": "scCall",
            "id": "buy-nft-with-sft-wrong-nonce",
            "tx": {
                "from": "address:buyer",
                "to": "sc:nft-minter",
                "dcdtValue": [
                    {
                        "tokenIdentifier": "str:SEMIFUNG-123456",
                        "nonce": "1",
                        "value": "500"
                    }
                ],
                "function": "buyNft",
                "arguments": [
                    "2"
                ],
                "gasLimit": "20,000,000",
                "gasPrice": "0"
            },
            "expect": {
                "out": [],
                "status": "4",
                "message": "str:Invalid nonce for payment token",
                "gas": "*",
                "refund": "*"
            }
        },
        {
            "step": "scCall",
            "id": "buy-nft-2",
            "tx": {
                "from": "address:buyer",
                "to": "sc:nft-minter",
                "dcdtValue": [
                    {
                        "tokenIdentifier": "str:SEMIFUNG-123456",
                        "nonce": "2",
                        "value": "500"
                    }
                ],
                "function": "buyNft",
                "arguments": [
                    "2"
                ],
                "gasLimit": "20,000,000",
                "gasPrice": "0"
            },
            "expect": {
                "out": [],
                "status": "0",
                "message": "",
                "gas": "*",
                "refund": "*"
            }
        },
        {
            "step": "checkState",
            "accounts": {
                "address:owner": {
                    "nonce": "*",
                    "balance": "500",
                    "dcdt": {
                        "str:SEMIFUNG-123456": {
                            "instances": [
                                {
                                    "nonce": "2",
                                    "balance": "500"
                                }
                            ]
                        }
                    },
                    "storage": {}
                },
                "address:buyer": {
                    "nonce": "*",
                    "balance": "500",
                    "dcdt": {
                        "str:FUNG-123456": "1000",
                        "str:SEMIFUNG-123456": {
                            "instances": [
                                {
                                    "nonce": "1",
                                    "balance": "1000"
                                },
                                {
                                    "nonce": "2",
                                    "balance": "500"
                                }
                            ]
                        },
                        "str:NFT-123456": {
                            "instances": [
                                {
                                    "nonce": "1",
                                    "balance": "1",
                                    "creator": "sc:nft-minter",
                                    "royalties": "5000",
                                    "uri": [
                                        "str:www.mycoolnft.com/nft1.jpg"
                                    ],
                                    "attributes": "u64:100,000"
                                },
                                {
                                    "nonce": "2",
                                    "balance": "1",
                                    "creator": "sc:nft-minter",
                                    "royalties": "5000",
                                    "uri": [
                                        "str:www.mycoolnft.com/nft2.jpg"
                                    ],
                                    "attributes": "u64:200,000"
                                }
                            ]
                        }
                    },
                    "storage": {}
                },
                "sc:nft-minter": {
                    "nonce": "0",
                    "balance": "0",
                    "dcdt": {
                        "str:NFT-123456": {
                            "lastNonce": "2",
                            "roles": [
                                "DCDTRoleNFTCreate"
                            ]
                        }
                    },
                    "storage": {
                        "str:nftTokenId": "str:NFT-123456",
                        "str:priceTag|u64:1": "",
                        "str:priceTag|u64:2": ""
                    },
                    "code": "*"
                }
            }
        }
    ]
}
