{
    "steps": [
        {
            "step": "externalSteps",
            "path": "steps/init_accounts.steps.json"
        },
        {
            "step": "externalSteps",
            "path": "steps/deploy.steps.json"
        },
        {
            "step": "scCall",
            "id": "change-quorum-propose",
            "tx": {
                "from": "address:alice",
                "to": "sc:multisig",
                "function": "proposeChangeQuorum",
                "arguments": [
                    "4"
                ],
                "gasLimit": "50,000,000",
                "gasPrice": "0"
            },
            "expect": {
                "out": [
                    "1"
                ],
                "status": "",
                "logs": "*",
                "gas": "*",
                "refund": "*"
            }
        },
        {
            "step": "scCall",
            "id": "change-quorum-sign-bob",
            "tx": {
                "from": "address:bob",
                "to": "sc:multisig",
                "function": "sign",
                "arguments": [
                    "1"
                ],
                "gasLimit": "50,000,000",
                "gasPrice": "0"
            },
            "expect": {
                "out": [],
                "status": "",
                "logs": "*",
                "gas": "*",
                "refund": "*"
            }
        },
        {
            "step": "scCall",
            "id": "change-quorum-perform",
            "tx": {
                "from": "address:alice",
                "to": "sc:multisig",
                "function": "performAction",
                "arguments": [
                    "1"
                ],
                "gasLimit": "50,000,000",
                "gasPrice": "0"
            },
            "expect": {
                "out": [],
                "status": "4",
                "message": "str:quorum cannot exceed board size",
                "logs": "*",
                "gas": "*",
                "refund": "*"
            }
        },
        {
            "step": "scCall",
            "id": "getQuorum",
            "tx": {
                "from": "address:owner",
                "to": "sc:multisig",
                "function": "getQuorum",
                "arguments": [],
                "gasLimit": "50,000,000",
                "gasPrice": "0"
            },
            "expect": {
                "out": [
                    "2"
                ],
                "status": "",
                "logs": "*",
                "gas": "*",
                "refund": "*"
            }
        }
    ]
}
