{
    "name": "empty",
    "steps": [
        {
            "step": "setState",
            "accounts": {
                "address:owner": {
                    "nonce": "1",
                    "balance": "0"
                }
            },
            "newAddresses": [
                {
                    "creatorAddress": "address:owner",
                    "creatorNonce": "1",
                    "newAddress": "sc:empty"
                }
            ]
        },
        {
            "step": "scDeploy",
            "id": "deploy",
            "tx": {
                "from": "address:owner",
                "contractCode": "file:../output/empty.wasm",
                "arguments": [],
                "gasLimit": "5,000,000",
                "gasPrice": "0"
            },
            "expect": {
                "out": [],
                "status": "",
                "logs": [],
                "gas": "*",
                "refund": "*"
            }
        }
    ]
}
