{
    "name": "call getUserAddresses in order to check who registered",
    "gasSchedule": "v3",
    "steps": [
        {
            "step": "externalSteps",
            "path": "ping-pong-call-ping-second-user.scen.json"
        },
        {
            "step": "scCall",
            "tx": {
                "from": "address:participant1",
                "to": "sc:ping-pong",
                "function": "getUserAddresses",
                "arguments": [],
                "gasLimit": "10,000,000",
                "gasPrice": "0"
            },
            "expect": {
                "out": [
                    "address:participant1",
                    "address:participant2"
                ],
                "status": "0",
                "message": "",
                "gas": "*",
                "refund": "*"
            }
        }
    ]
}
