{
    "name": "createBuyOrder",
    "steps": [
        {
            "step": "externalSteps",
            "path": "steps/complete_setup.steps.json"
        },
        {
            "step": "externalSteps",
            "path": "steps/create_buy_order.steps.json"
        },
        {
            "step": "scCall",
            "id": "getOrderById",
            "tx": {
                "from": "address:user1",
                "to": "sc:pair",
                "function": "getOrderById",
                "arguments": [
                    "0"
                ],
                "gasLimit": "100,000,000",
                "gasPrice": "0"
            },
            "expect": {
                "out": [
                    "u64:0|address:user1|address:match_provider|biguint:2000000|biguint:200000|0x00|biguint:1000|u64:0|u64:1000|u64:0|0x00"
                ],
                "status": "",
                "gas": "*",
                "refund": "*"
            }
        },
        {
            "step": "scCall",
            "id": "getAddressOrderIds",
            "tx": {
                "from": "address:user1",
                "to": "sc:pair",
                "function": "getAddressOrderIds",
                "arguments": [
                    "address:user1"
                ],
                "gasLimit": "100,000,000",
                "gasPrice": "0"
            },
            "expect": {
                "out": [
                    "0"
                ],
                "status": "",
                "gas": "*",
                "refund": "*"
            }
        }
    ]
}
